N	vote-run	multi-blocks	simple-io	motivation	blockchain-erc20-1dArray	banking
10	0.303868	0.393363	1.045424	0.512577	0.603850	0.124773
20	0.456477	0.498843	1.005573	0.525146	0.605252	0.121670
50	0.915145	0.706073	1.036899	0.510316	0.599246	0.120233
100	1.430142	1.014104	1.022750	0.549194	0.610922	0.125853
200	2.108838	1.362100	1.003292	0.554829	0.581849	0.125303
500	2.898065	1.240699	1.026810	0.610994	0.585621	0.126729
1000	3.407571	1.479411	1.011041	0.705584	0.626779	0.129444
2000	3.765622	1.743598	1.022405	0.929043	0.617589	0.137971
5000	3.387792	2.115552	1.024178	1.529436	0.598150	0.164509
10000	3.659036	2.309357	1.040047	2.536266	0.629981	0.211410
20000	3.819499	2.378904	1.051957	4.513399	0.684475	0.296370
50000	3.947665	2.458799	1.104013	5.996858	0.808333	0.559186
100000	3.941137	2.473664	1.178276	6.303887	1.031541	0.962995
200000	3.988063	2.485601	1.306002	6.433507	1.519310	1.663961
500000	3.983865	2.496452	1.652829	6.591059	3.559295	3.108173
1000000	4.000421	2.497225	1.891349	6.648200	5.614647	4.444012
2000000	3.994578	2.499845	1.450890	6.682306	6.116366	5.868510
5000000	4.008437	2.507363	1.190423	6.689618	6.975898	7.290827
10000000	4.014345	2.512214	1.106198	6.696597	7.238283	7.987967
20000000	4.002416	2.503286	1.057858	6.684616	7.293483	8.354622
50000000	3.995593	2.504457	1.029711	6.702331	7.304396	8.492176